/*
 Navicat MySQL Data Transfer

 Source Server         : localhost_3306
 Source Server Type    : MySQL
 Source Server Version : 100120
 Source Host           : localhost:3306
 Source Schema         : bbs

 Target Server Type    : MySQL
 Target Server Version : 100120
 File Encoding         : 65001

 Date: 21/09/2019 17:31:41
*/

SET NAMES utf8mb4;
SET FOREIGN_KEY_CHECKS = 0;

-- ----------------------------
-- Table structure for board
-- ----------------------------
DROP TABLE IF EXISTS `board`;
CREATE TABLE `board`  (
  `bId` int(6) NOT NULL AUTO_INCREMENT COMMENT '板块ID，自动编号，主键\r\n',
  `bName` varchar(50) CHARACTER SET utf8 COLLATE utf8_general_ci NOT NULL COMMENT '板块名字\r\n',
  PRIMARY KEY (`bId`) USING BTREE
) ENGINE = InnoDB AUTO_INCREMENT = 24 CHARACTER SET = utf8 COLLATE = utf8_general_ci ROW_FORMAT = Compact;

-- ----------------------------
-- Records of board
-- ----------------------------
INSERT INTO `board` VALUES (1, '安徽');
INSERT INTO `board` VALUES (2, '合肥');
INSERT INTO `board` VALUES (3, '河北');
INSERT INTO `board` VALUES (4, '广东');
INSERT INTO `board` VALUES (5, '上海');
INSERT INTO `board` VALUES (7, '北京');
INSERT INTO `board` VALUES (8, '湖北');
INSERT INTO `board` VALUES (11, '合肥');
INSERT INTO `board` VALUES (12, '唐门');
INSERT INTO `board` VALUES (13, '宁夏');
INSERT INTO `board` VALUES (14, '国内');
INSERT INTO `board` VALUES (17, '河南襄阳');
INSERT INTO `board` VALUES (19, '国际');
INSERT INTO `board` VALUES (20, '娱乐');
INSERT INTO `board` VALUES (23, '美国');

-- ----------------------------
-- Table structure for reply
-- ----------------------------
DROP TABLE IF EXISTS `reply`;
CREATE TABLE `reply`  (
  `rId` int(6) NOT NULL AUTO_INCREMENT COMMENT '回帖ID，自动编号，主键',
  `title` varchar(50) CHARACTER SET utf8 COLLATE utf8_general_ci NOT NULL COMMENT '回帖标题\r\n',
  `context` varchar(1000) CHARACTER SET utf8 COLLATE utf8_general_ci NOT NULL COMMENT '回帖内容\r\n',
  `pTime` datetime(0) NOT NULL COMMENT '回帖时间\r\n',
  `uId` int(6) NOT NULL COMMENT '回帖人，外键，引用user表主键\r\n',
  `tId` int(6) NOT NULL COMMENT '所属主贴，外键，引用topic表主键\r\n',
  PRIMARY KEY (`rId`) USING BTREE
) ENGINE = InnoDB AUTO_INCREMENT = 8 CHARACTER SET = utf8 COLLATE = utf8_general_ci ROW_FORMAT = Compact;

-- ----------------------------
-- Records of reply
-- ----------------------------
INSERT INTO `reply` VALUES (7, '暴乱', '暴乱不易政治', '2019-08-31 11:52:53', 11, 25);

-- ----------------------------
-- Table structure for topic
-- ----------------------------
DROP TABLE IF EXISTS `topic`;
CREATE TABLE `topic`  (
  `tId` int(6) NOT NULL AUTO_INCREMENT COMMENT '主帖ID，自动编号，主键',
  `title` varchar(50) CHARACTER SET utf8 COLLATE utf8_general_ci NOT NULL COMMENT '主帖标题\r\n',
  `context` varchar(1000) CHARACTER SET utf8 COLLATE utf8_general_ci NOT NULL COMMENT '主帖内容\r\n',
  `pTime` datetime(0) NOT NULL COMMENT '发帖时间\r\n',
  `uId` int(6) NOT NULL COMMENT '发帖人，外键，引用user表主键\r\n',
  `bId` int(6) NOT NULL COMMENT '所属版块，外键，引用board表主键\r\n',
  `pic` varchar(200) CHARACTER SET utf8 COLLATE utf8_general_ci NOT NULL COMMENT '图片路径',
  PRIMARY KEY (`tId`) USING BTREE
) ENGINE = InnoDB AUTO_INCREMENT = 75 CHARACTER SET = utf8 COLLATE = utf8_general_ci ROW_FORMAT = Compact;

-- ----------------------------
-- Records of topic
-- ----------------------------
INSERT INTO `topic` VALUES (34, '粗暴打断内地记者提问 香港“记协”被警方现场打脸', '打断提问记者的这个是假记者，看看它头戴头盔明显就是一个假记者，那个正真的记者在发布会现场头戴头盔呢？就这种场合这个假记者都能混进来也真是让人唏嘘啊？', '2019-09-10 18:54:52', 9, 11, 'e057b09367f68a800fd9ff708decabc3.jpg');
INSERT INTO `topic` VALUES (35, '台媒：加拿大海军一艘护卫舰穿越台湾海峡', '台媒分析此次“渥太华”号护卫舰离开韩国选择穿越台湾海峡应该是为了前往泰国访问。', '2019-09-10 18:55:36', 9, 13, '');
INSERT INTO `topic` VALUES (37, '财经热榜 | 疯狂的致富生意：一双鞋两个小时从1元炒到3万元', '炒鞋的门槛相对较低，甚至可以一双起炒，所以越来越多人进入炒鞋圈。在炒鞋行业，有人赚得盆满钵满，实现了一夜暴富的神话，也有人亏的一塌糊涂，成为“被割的韭菜”。', '2019-09-10 18:57:59', 9, 14, '1000.jpg');
INSERT INTO `topic` VALUES (38, '“逍遥子”张勇通过终极考验：最忠于马云的人，将掌舵阿里帝国', '1擅长用人之道的马云，其实不过是选了一个最懂自己、最忠于自己的人。\r\n2过去十年来，日渐完善的合伙人制度，才是维系阿里巴巴生态健康的核心关键。\r\n3逍遥子真正的考验，来自2018年9月10日，马云宣布卸任消息之后这一年，关乎阿里未来的走向', '2019-09-10 18:59:47', 9, 14, '10.jpg');
INSERT INTO `topic` VALUES (39, '承认了！日本环境大臣：将不得不把福岛核电站污水排入太平洋', '中国日报网9月10日电（严玉洁）2011年日本福岛核电站发生辐射泄漏后，大量辐射污水迟迟没有处理。近期有传言说日本有意将这些污水排入太平洋，此事引发外界严重关切。现在，日本高官表态了。', '2019-09-10 19:02:19', 9, 19, '00.jpg');
INSERT INTO `topic` VALUES (40, '99公益日，一块做好事', '永德，云南的一个县城，是境外贩运毒品入境的重要通道，“惊心动魄”常常在这里上演。罗金勇是永德小勐统派出所的一名普通缉毒警察，云南民族大学毕业，算是“半路出家”。\r\n\r\n在派出所工作的几年，堵卡是罗金勇的家常便饭。“跟着金勇哥外出堵卡，有时一去就是十天半个月。每次回来，浑身都脏兮兮、汗斑斑的，从来没听他喊过累。”说起罗金勇，同事赵金彪满脸佩服。', '2019-09-10 19:04:16', 9, 14, '99公益日.jpg');
INSERT INTO `topic` VALUES (41, 'Baby早年现场工作照曝光，穿超短热裤美腿抢镜', '近日，网上曝光了一组当红女星Angelababy的早年旧照引起不少热议，照片中，baby身穿格纹衬衣搭配牛仔超短裤，一身打扮非常简约元气，但衣服的款式以现在的眼光来看，穿在baby的身上很是接地气，可是baby的混血颜值却很洋气。', '2019-09-10 20:20:41', 9, 20, 'boby.jpg');
INSERT INTO `topic` VALUES (42, '李沁这漫画腿A爆了！又白又细又直超抢镜，和大长腿肖战还蛮搭', '《诛仙》发布会肖战李沁孟美岐亮相，李沁漫画腿比肩肖战A爆了', '2019-09-10 20:22:28', 9, 20, '李沁.jpg');
INSERT INTO `topic` VALUES (43, ' 熊黛林晒素颜运动照秀事业线，意外曝光家中豪宅内部装修', '在运动之余，熊黛林对着全身镜自拍，纤细腰身，修长的美腿，身材好到让人羡慕，一点都不像是已经成为妈妈的人，就连身后的宠物狗都看呆了。', '2019-09-10 20:23:41', 9, 20, '');
INSERT INTO `topic` VALUES (44, '特朗普称与阿富汗塔利班的和谈“已死” 剧情依然可能反转', '塔利班凭借其战场上的特殊地位拿到比较有利的谈判结果，却唤起美国内部的“9 ·11”恐惧症。美国政府凭借其谈判桌前的优势地位而在最后关头“取消”谈判，却刺激阿富汗安全形势更趋恶化', '2019-09-10 20:25:17', 9, 19, '特朗普,jpg.webp');
INSERT INTO `topic` VALUES (45, '意大利应美要求逮捕俄企人员 华春莹：这一幕似曾相识', '“外交部发言人办公室”消息，在9月10日外交部例行记者会上，有记者问：据报道，意大利应美国要求在机场逮捕一名俄罗斯联合发动机公司人员。美方指责其涉嫌“窃取”商业机密。俄方谴责美国此举“非常糟糕”，要求美方撤回引渡要求。中方对此有何评论？', '2019-09-10 20:25:59', 9, 19, '意大利.jpg');
INSERT INTO `topic` VALUES (46, '台湾一乡政顾问入境香港失联 国台办：涉危害国家安全犯罪被审查', '海外网9月11日电9月11日上午，国务院台湾事务办公室举行例行新闻发布会。国台办发言人马晓光就两岸政党交流、两岸军事互信和两岸文化往来等热点问题回答记者提问。\r\n\r\n有记者提问，屏东枋寮乡政顾问李孟居入境香港后失联已有三周，请说明有关情况。\r\n\r\n马晓光表示，据了解，李孟居因涉嫌从事危害国家安全的犯罪活动，已被依法审查。（海外网/李昊）', '2019-09-11 12:01:10', 9, 14, '台湾事件.jpg');
INSERT INTO `topic` VALUES (47, '2019苹果秋季新品发布会', '苹果更新了全系iPad、Apple Watch 5系列以及iPhone 11、iPhone 11 Pro和iPhone 11 Pro Max三款新手机。', '2019-09-11 14:39:22', 9, 19, '苹果11.jpg');
INSERT INTO `topic` VALUES (48, '习近平举行仪式欢迎哈萨克斯坦总统访华并同其举行会谈', '央视网消息（新闻联播）：国家主席习近平11日下午在人民大会堂东门外广场举行仪式，欢迎哈萨克斯坦总统卡瑟姆若马尔特·托卡耶夫对我国进行国事访问。\r\n\r\n中共中央政治局委员、中央外事工作委员会办公室主任杨洁篪，全国人大常委会副委员长沈跃跃，国务委员王毅，全国政协副主席夏宝龙、何立峰等出席欢迎仪式。\r\n\r\n陪同托卡耶夫访华的有第一副总理兼财政部部长，外交部部长，央行行长等。\r\n\r\n军乐团奏哈中两国国歌。鸣礼炮21响。\r\n\r\n托卡耶夫在习近平陪同下检阅中国人民解放军仪仗队。', '2019-09-12 08:47:58', 9, 14, '99公益日.jpg');
INSERT INTO `topic` VALUES (49, '独家专访苹果CEO库克：创新不一定是改变 而是为了做得更好', '腾讯新闻钟文泽 北京时间9月12日发自美国旧金山\r\n\r\n每年苹果秋季新品发布会都是科技领域最受关注的发布活动，今年也不例外。在当地时间9月10日上午10点，Apple Park挤满了来自全球各地的嘉宾和媒体人。\r\n\r\n我第四次来旧金山参加苹果发布会，前三次都在现场的体验区见过库克，但并没有进行实质的交流。这次发布会结束后不久，我得到了与苹果CEO蒂姆·库克独家对话的机会。', '2019-09-12 08:49:23', 9, 19, '独家专访.jpg');
INSERT INTO `topic` VALUES (50, '亲诚惠荣', '【联播+】9月11日，习近平主席同哈萨克斯坦总统托卡耶夫举行会谈时再次强调“中哈关系是睦邻友好的典范”。\r\n\r\n近年来，从各种双边、多边会晤会见到走“邻”会“友”，再到出席亚信第五次峰会等重要活动……习近平一直秉持“亲诚惠容”理念，深耕睦邻之交，书写了中国周边外交新篇章。央视网《联播+》梳理重要讲话，与您一起学习。', '2019-09-12 17:53:22', 9, 19, '亲诚惠荣.jpg');
INSERT INTO `topic` VALUES (51, '商务部', '近期中方公布第一批对美加征关税商品第一次排除清单，包括16项商品，排除商品的审核标准有三方面，一是寻求商品替代来源困难，二是加征关税对申请主体造成损害，三是加征关税对行业造成重大负面的结构性影响或带来严重社会后果。', '2019-09-12 17:56:34', 9, 19, '商务部.jpg');
INSERT INTO `topic` VALUES (52, '黑龙江一绿皮火车遭货车撞脱轨，有乘客受伤', '互相理解吧，你知道大车司机嘴里的小车司机是什么样的吗，换位思考，互相理解。国家的经济发展，城市的基础建设，人的衣食住行都离不开货车的。我是个小车司机，也是个代驾，我从来不抱怨大车，因为我从来不和大车抢行，不是大车横冲直撞有的时候大车刹车时管慢不管站的', '2019-09-12 17:58:39', 9, 14, '车辆脱轨.jpg');
INSERT INTO `topic` VALUES (53, '习近平：谱写新时代中原更加出彩的绚丽篇章', '首府烈士陵园，瞻仰革命烈士纪念碑、纪念堂，远眺英雄山上“红旗飘飘”主题雕塑。在纪念碑前，习近平向革命先烈敬献花篮并三鞠躬，深情缅怀为革命胜利献出宝贵生命的英雄儿女。在纪念堂内，习近平听取革命烈士事迹介绍，高度评价他们的贡献。', '2019-09-19 14:32:35', 9, 14, '博物馆.jpg');
INSERT INTO `topic` VALUES (54, '握住总书记的手，他讲起这段红色家史', '习近平总书记16日下午在鄂豫皖苏区首府革命博物馆同当地红军后代、烈士家属代表交谈，一位名叫黄德耀的红军后代激动地紧紧握住总书记的手，介绍了自己的革命家史。', '2019-09-19 14:33:41', 9, 14, '');
INSERT INTO `topic` VALUES (55, '【中国稳健前行】开放是当代中国的鲜明标识', '编者按：新中国成立70年来，在中国共产党的坚强领导下，我国经济社会发展经历了不平凡的伟大历程，取得了举世瞩目的辉煌成就，“中国号”巨轮乘风破浪，向着民族复兴的伟大目标稳健前行。', '2019-09-19 14:34:10', 9, 1, '');
INSERT INTO `topic` VALUES (56, '“我和老师有个约定”——“好老师”为学生成长描绘美好图景', '永不放弃，一辈子做这件“苦”差事我也愿意\r\n\r\n“要开学了，老师放假前布置给你的书看完了没？看爷爷奶奶天天种田这么辛苦，你要更懂事一些。”\r\n\r\n开学前，在福建闽北山区政和县石屯镇新口村黄垱自然村，前来家访的庄桂淦校长一字一句、认真地叮嘱三年级学生小吴。', '2019-09-19 14:34:39', 9, 14, '');
INSERT INTO `topic` VALUES (57, '【中国稳健前行】开放是当代中国的鲜明标识', '编者按：新中国成立70年来，在中国共产党的坚强领导下，我国经济社会发展经历了不平凡的伟大历程，取得了举世瞩目的辉煌成就，“中国号”巨轮乘风破浪，向着民族复兴的伟大目标稳健前行。为充分展现中国特色社会主义制度所带来的政治稳定、经济发展、文化繁荣、社会和谐、生态良好、人民幸福的巨大优势，中央网信办与求是杂志社联合组织策划“中国稳健前行”系列理论文章，邀请思想理论界专家学者进行深入阐述，今日在求是网推出第27篇，敬请关注。', '2019-09-19 14:35:07', 9, 14, 'e057b09367f68a800fd9ff708decabc3.jpg');
INSERT INTO `topic` VALUES (58, '沙特展示袭击石油设施无人机碎片 特朗普：将制裁伊朗', '沙特跟也门在战争，油库受到打击这很正常的事啊！美伊战争美国打的就是伊拉克石油这是事实啊！这次是谁攻击了沙特油库只有石油贸易商家们知道，伊朗的石油出口受到限制他怎么可能去攻击沙特油库啊！再说这样的模型无人机又不是什么高科技只要是模型玩家都能做，美国这次怎么没有动用直升机拍电影啊！这电影将成为史上最贵的电影制做。', '2019-09-19 14:35:37', 9, 19, '独家专访.jpg');
INSERT INTO `topic` VALUES (59, '任正非接受《纽约时报》采访', '华为创始人任正非日前接受《纽约时报》专栏作家托马斯·弗里德曼采访，对5G产业未来、中美欧关系等问题进行作答。', '2019-09-19 14:35:58', 9, 19, '');
INSERT INTO `topic` VALUES (60, '韩国“华城连环杀人案件”时隔33年告破', '韩国“华城连环杀人事件”发生于1986年至1991年间，有10名女子接连遭到绑架、奸杀。当年超200万警力和军队参与调查却一无所获。近日，警方重新翻找被害者所留证据时，通过DNA检测对比发现嫌犯。', '2019-09-19 14:37:00', 9, 19, '1000.jpg');
INSERT INTO `topic` VALUES (61, '男子近距离拍钱塘江大潮被卷走 11秒后奇迹般又被浪潮拍回岸', '免责声明：本文来自腾讯新闻客户端自媒体，不代表腾讯网的观点和立场。', '2019-09-19 14:37:30', 9, 14, '博物馆.jpg');
INSERT INTO `topic` VALUES (62, '蔡英文论文造假再现风波 被指未毕业便写完副教授升等论文', '蔡英文论文造假再现风波 被指未毕业便写完副教授升等论文', '2019-09-19 14:37:59', 9, 14, '车辆脱轨.jpg');
INSERT INTO `topic` VALUES (63, '25岁中国女留学生在加拿大失踪 失踪前其黑色路虎疑在网上售卖', '出国上学的部分是成绩优秀去深造，但更多的是成绩一般国内很难进入名校，家里钱多出去镀金的！部分领域国外是有些领先我们值得学习，但差距越来越小。很多还是崇洋媚外的思维没改变，钱袋子富了，可脑袋子还是穷。国家是有些不足，比如教育、医疗等领域严重拖累了幸福指数，但还需要大家一起努力改变，都这样有钱有条件就往往外跑，谁来改变中国！', '2019-09-19 14:38:25', 9, 19, '苹果11.jpg');
INSERT INTO `topic` VALUES (64, '“流浪大师”沈巍回应结婚传言：30多年前心动过，之后静如处子', '近日，很多网友、网络大V转发了一段沈巍与一名女子十指相扣的视频，并送上祝福。9月18日，沈巍告诉红星新闻，视频中的那名女子只是他的一个粉丝，“我对女性没兴趣，在网上已经说过几次了。”但沈巍直言，“爱，无论异性、同性，总是美好的，总该去尊重。一个女人爱一个男人，总不能说目的不纯吧。我尊重每个人，不论他的目的如何，也不论我自身条件的改变。”', '2019-09-19 14:38:54', 9, 14, 'boby.jpg');
INSERT INTO `topic` VALUES (65, '内蒙古公安厅原副厅长孟建伟被公诉：非法持有枪支弹药', '呼伦贝尔市人民检察院起诉指控，被告人孟建伟作为国家工作人员，财产、支出明显超过合法收入，差额特别巨大，不能说明合法来源；违反枪支管理规定，非法持有枪支、弹药，依法应当以受贿罪、巨额财产来源不明罪、非法持有枪支、弹药罪追究其刑事责任。', '2019-09-19 14:42:39', 9, 14, '99公益日.jpg');
INSERT INTO `topic` VALUES (66, '香港财政司司长：香港不惧内地城市竞争，最怕自己不争气', '香港财政司司长称到：今年第一季度香港经济环比已经出现负增长，现在来看第三季度负增长的可能也是有的。万一出现这种情况，香港会在技术上进入衰退阶段。第四季度经济情况如何，要看社会上的暴乱事件能否尽快平息。', '2019-09-19 14:43:03', 9, 19, '');
INSERT INTO `topic` VALUES (67, '美联储降息25个基点', '美联储宣布降息25个基点至1.75%到2%的目标区间，符合市场广泛预期，这也是美联储自7月份首度开启降息后第二次降息。', '2019-09-19 14:43:21', 9, 19, '');
INSERT INTO `topic` VALUES (68, '俄罗斯珍贵纪录片：彩色4K重现开国大典盛况', '免责声明：本文来自腾讯新闻客户端自媒体，不代表腾讯网的观点和立场。', '2019-09-19 14:43:45', 9, 19, '');
INSERT INTO `topic` VALUES (69, '山寨小红书登上App榜首 蹭流量背后有哪些灰色操作？', '“小红家族”盯上的主要就是小红书下架后，用户搜索“小红书”带来的搜索流量。它们都偷偷做了一些小动作：更改App名称、改图标等。', '2019-09-19 14:44:13', 9, 14, '');
INSERT INTO `topic` VALUES (70, '川美院长画裸体引发讨论 个别院校已取消人体模特改用照片', '记者发现，国内确实有少部分综合性院校艺术系，取消了人体模特写生，改用照片或者模型代替。但包括川美在内的八大美院以及不少211大学的美术专业，一直坚持使用人体模特进行教学。', '2019-09-19 14:44:42', 9, 14, '');
INSERT INTO `topic` VALUES (71, '山东“最牛三胞胎”同时结婚：高考考出“连号”分，同所大学毕业', '十年前，老赵家的三胞胎因高考成绩考出连号分而备受媒体关注，在社会各界的热心帮助下，三胞胎顺利进入大学，如今三人又一同结婚。他们的爷爷说，看见三个孙子结婚的愿望实现了，下一个期盼就是三个孙子生娃了。', '2019-09-19 14:45:15', 9, 14, '');
INSERT INTO `topic` VALUES (72, '醉驾玛莎拉蒂被查后女子称“明天要上学” 交警：你要坐牢', '免责声明：本文来自腾讯新闻客户端自媒体，不代表腾讯网的观点和立场。', '2019-09-19 14:45:34', 9, 14, '');
INSERT INTO `topic` VALUES (73, '王健林父子这两年：甩卖资产负债率大降 内部反腐动作大', '2018年，万达提前还了离岸贷款，现金流覆盖了2019年到期的债务，负债率大幅下降。最近与王健林有关的热点新闻是内部反腐。近千万的贪腐金额被查出，四名员工被除名、移交司法。', '2019-09-19 14:45:54', 9, 14, '');
INSERT INTO `topic` VALUES (74, '杨丞琳承认已经与李荣浩领证结婚', '9月19日，杨丞琳公开承认已与李荣浩领证结婚的好消息：“对啊，我们前天领证了”。李荣浩在7月11日晒出与杨丞琳的亲密合照，宣布求婚成功。二人已相恋5年。\r\n最新消息', '2019-09-19 14:46:15', 9, 20, '');

-- ----------------------------
-- Table structure for user
-- ----------------------------
DROP TABLE IF EXISTS `user`;
CREATE TABLE `user`  (
  `uId` int(6) NOT NULL AUTO_INCREMENT COMMENT '用户ID，自动编号，主键\r\n',
  `uName` varchar(20) CHARACTER SET utf8 COLLATE utf8_general_ci NOT NULL COMMENT '用户昵称\r\n',
  `uPass` varchar(100) CHARACTER SET utf8 COLLATE utf8_general_ci NOT NULL COMMENT '用户密码\r\n',
  `state` int(6) NOT NULL COMMENT '用户状态，0表示正常，1表示禁用\r\n',
  `flag` int(6) NOT NULL COMMENT '用户表示，0表示管理员，1表示用户\r\n',
  PRIMARY KEY (`uId`) USING BTREE
) ENGINE = InnoDB AUTO_INCREMENT = 13 CHARACTER SET = utf8 COLLATE = utf8_general_ci ROW_FORMAT = Compact;

-- ----------------------------
-- Records of user
-- ----------------------------
INSERT INTO `user` VALUES (9, 'admin', 'admin', 0, 1);
INSERT INTO `user` VALUES (11, 'zky', '111', 0, 0);
INSERT INTO `user` VALUES (12, 'asd', '7815696ecbf1c96e6894b779456d330e', 0, 0);

SET FOREIGN_KEY_CHECKS = 1;
